{
	"mapZoom": 17,
	"offsetX": 100,
	"offsetY": 10,
  "markerLatLng": [
    3.159725, 101.700309
	]
}
